{"cameraMode":{"drawMode":0,"name":"Shaded","section":"Shading Mode"},"sceneLighting":true,"audioPlay":false,"sceneViewState":{"m_AlwaysRefresh":false,"showFog":true,"showSkybox":true,"showFlares":true,"showImageEffects":true,"showParticleSystems":true,"showVisualEffectGraphs":true,"m_FxEnabled":true},"in2DMode":false,"pivot":{"x":-1.0079795122146607,"y":0.8794949054718018,"z":1.9938316345214844},"rotation":{"x":-0.3499409258365631,"y":0.06552675366401673,"z":-0.024698181077837945,"w":-0.9340394139289856},"size":0.7896105647087097,"orthographic":false}